variable,count,mean,std,min,25%,50%,75%,max,original
dummy1,1000.0,0.00016231073397741916,0.011020903603281005,-0.0349432469324284,-0.00728697517480785,0.00031859249473944996,0.007537977639564925,0.0356249665886636,0.0052661306484154
dummy2,1000.0,-0.000403931850209574,0.009836219693853914,-0.0301729703880369,-0.007280481101766125,-0.00061516970555785,0.0064921259315626,0.0281596385945395,0.000149474487074
x1,1000.0,0.04714208782270238,3.0890060728483086,-8.3101335829604,-1.9133615183547985,-0.0463703108467374,2.0093678595542235,28.2050730195513,28.2050730195513
x2,1000.0,0.10743099772415621,8.142541653469946,-27.977136514864902,-5.12888982039738,-0.19526187372499937,5.495026389738013,75.05043404846158,75.05043404846158
x3,1000.0,0.04333154626838509,1.8504405229278247,-5.929988428646219,-1.1093684631337204,0.0632821641203893,1.1734796883482455,17.75494161002932,17.75494161002932
